[{"model": "contenttypes.contenttype", "pk": 1, "fields": {"app_label": "admin", "model": "logentry"}}, {"model": "contenttypes.contenttype", "pk": 2, "fields": {"app_label": "auth", "model": "permission"}}, {"model": "contenttypes.contenttype", "pk": 3, "fields": {"app_label": "auth", "model": "group"}}, {"model": "contenttypes.contenttype", "pk": 4, "fields": {"app_label": "auth", "model": "user"}}, {"model": "contenttypes.contenttype", "pk": 5, "fields": {"app_label": "contenttypes", "model": "contenttype"}}, {"model": "contenttypes.contenttype", "pk": 6, "fields": {"app_label": "sessions", "model": "session"}}, {"model": "contenttypes.contenttype", "pk": 7, "fields": {"app_label": "dashboard", "model": "product"}}, {"model": "contenttypes.contenttype", "pk": 8, "fields": {"app_label": "dashboard", "model": "orderitem"}}, {"model": "contenttypes.contenttype", "pk": 9, "fields": {"app_label": "dashboard", "model": "shippingaddress"}}, {"model": "contenttypes.contenttype", "pk": 10, "fields": {"app_label": "dashboard", "model": "customer"}}, {"model": "contenttypes.contenttype", "pk": 11, "fields": {"app_label": "dashboard", "model": "order"}}, {"model": "contenttypes.contenttype", "pk": 12, "fields": {"app_label": "dashboard", "model": "category"}}, {"model": "contenttypes.contenttype", "pk": 13, "fields": {"app_label": "dashboard", "model": "cart"}}, {"model": "sessions.session", "pk": "iktpn3wstwdcxqqs2r5cslk3hbzgns2x", "fields": {"session_data": "NzYxOTdiZjg1YTBkZmM5M2I0NTQyY2MwOTUxZmExMWY4OWFmYmE0NDp7fQ==", "expire_date": "2020-06-12T05:50:37.224Z"}}, {"model": "sessions.session", "pk": "mbllvzl02d02dnrcobyfuak4te1w9pbi", "fields": {"session_data": "YjkxN2Y4YTIxODk0NGFkMDVkYjc2NGY1OTFjYWQ2Y2I1MzcwNDAwNDp7Il9hdXRoX3VzZXJfaWQiOiIyIiwiX2F1dGhfdXNlcl9iYWNrZW5kIjoiZGphbmdvLmNvbnRyaWIuYXV0aC5iYWNrZW5kcy5Nb2RlbEJhY2tlbmQiLCJfYXV0aF91c2VyX2hhc2giOiI0MThjZmY2MmQ0ZmUxNTE1NTBjYTZlNjg4ZDNkNmI0NmY1ZGVkMGY3In0=", "expire_date": "2020-06-10T05:56:19.187Z"}}, {"model": "sessions.session", "pk": "mdg7rgvw11h4ntuqai4ugz9rhx8ga310", "fields": {"session_data": "NzYxOTdiZjg1YTBkZmM5M2I0NTQyY2MwOTUxZmExMWY4OWFmYmE0NDp7fQ==", "expire_date": "2020-06-12T05:58:37.925Z"}}, {"model": "sessions.session", "pk": "pycb8rp1qsjh8y3kv1yukb0dmt3w0yoq", "fields": {"session_data": "NzYxOTdiZjg1YTBkZmM5M2I0NTQyY2MwOTUxZmExMWY4OWFmYmE0NDp7fQ==", "expire_date": "2020-06-12T05:58:01.216Z"}}, {"model": "sessions.session", "pk": "uvt605903gtey9ysac1lbc77xyyp87hs", "fields": {"session_data": "OTU3MDQ3MjQ2OWY5MTkxYWNjNjdkNjA3NzFkMDJiOTZiMzdmZWJjZTp7Il9hdXRoX3VzZXJfaWQiOiIyIiwiX2F1dGhfdXNlcl9iYWNrZW5kIjoiZGphbmdvLmNvbnRyaWIuYXV0aC5iYWNrZW5kcy5Nb2RlbEJhY2tlbmQiLCJfYXV0aF91c2VyX2hhc2giOiI4YzFlZDRlN2JhZmZhODRkOGY3ODdhNzllNzViZDk5MmEwOWQzNWFmIn0=", "expire_date": "2020-06-23T14:48:43.558Z"}}, {"model": "sessions.session", "pk": "yiz1i4wd0ix8loubslh56wmy3qg9qsu9", "fields": {"session_data": "OTU3MDQ3MjQ2OWY5MTkxYWNjNjdkNjA3NzFkMDJiOTZiMzdmZWJjZTp7Il9hdXRoX3VzZXJfaWQiOiIyIiwiX2F1dGhfdXNlcl9iYWNrZW5kIjoiZGphbmdvLmNvbnRyaWIuYXV0aC5iYWNrZW5kcy5Nb2RlbEJhY2tlbmQiLCJfYXV0aF91c2VyX2hhc2giOiI4YzFlZDRlN2JhZmZhODRkOGY3ODdhNzllNzViZDk5MmEwOWQzNWFmIn0=", "expire_date": "2020-06-23T07:23:38.859Z"}}, {"model": "dashboard.category", "pk": 1, "fields": {"name": "Food"}}, {"model": "dashboard.category", "pk": 2, "fields": {"name": "Drink"}}, {"model": "dashboard.category", "pk": 3, "fields": {"name": "Tools and Home improvement"}}, {"model": "dashboard.category", "pk": 4, "fields": {"name": "Electronics"}}, {"model": "dashboard.category", "pk": 5, "fields": {"name": "Home and Kitchen"}}, {"model": "dashboard.category", "pk": 6, "fields": {"name": "Computers"}}, {"model": "dashboard.category", "pk": 7, "fields": {"name": "Toys"}}, {"model": "dashboard.category", "pk": 8, "fields": {"name": "Automotive"}}, {"model": "dashboard.category", "pk": 9, "fields": {"name": "Sports and Outdoors"}}, {"model": "dashboard.category", "pk": 10, "fields": {"name": "Apparel"}}, {"model": "dashboard.category", "pk": 11, "fields": {"name": "Beauty"}}, {"model": "dashboard.category", "pk": 12, "fields": {"name": "Health"}}, {"model": "dashboard.product", "pk": 1, "fields": {"name": "Snickers", "price": "2.00", "digital": false, "image": "snickers.jpg", "category": [1]}}, {"model": "dashboard.product", "pk": 2, "fields": {"name": "Mars", "price": "2.00", "digital": false, "image": "mars.jpg", "category": [1]}}, {"model": "dashboard.product", "pk": 3, "fields": {"name": "laptop", "price": "1000.00", "digital": false, "image": "laptop.webp", "category": [4, 6]}}, {"model": "dashboard.product", "pk": 4, "fields": {"name": "Sunglasses", "price": "15.00", "digital": false, "image": "sunglasses.jpg", "category": [9, 10, 11, 12]}}, {"model": "dashboard.product", "pk": 6, "fields": {"name": "Coca-Cola", "price": "3.00", "digital": false, "image": "coca_cola.jpg", "category": [2]}}, {"model": "dashboard.product", "pk": 7, "fields": {"name": "Pepsi", "price": "3.20", "digital": false, "image": "pepsi.jpg", "category": [2]}}, {"model": "dashboard.product", "pk": 8, "fields": {"name": "Natural tea", "price": "5.00", "digital": false, "image": "natural_tea.jpg", "category": [2]}}, {"model": "dashboard.product", "pk": 9, "fields": {"name": "Orange Juice", "price": "3.50", "digital": false, "image": "orange_juice.jpg", "category": [2]}}, {"model": "dashboard.product", "pk": 10, "fields": {"name": "screwdriver", "price": "6.00", "digital": false, "image": "screwdriver.jpg", "category": [3]}}, {"model": "dashboard.product", "pk": 11, "fields": {"name": "lamp", "price": "2.00", "digital": false, "image": "lamp.webp", "category": [3]}}, {"model": "dashboard.product", "pk": 12, "fields": {"name": "bell", "price": "15.00", "digital": false, "image": "bell.jpg", "category": [3]}}, {"model": "dashboard.product", "pk": 13, "fields": {"name": "mirror", "price": "8.00", "digital": false, "image": "mirror.jpg", "category": [3]}}, {"model": "dashboard.product", "pk": 14, "fields": {"name": "battery", "price": "0.50", "digital": false, "image": "battery.jpg", "category": [4]}}, {"model": "dashboard.product", "pk": 15, "fields": {"name": "earphone", "price": "25.50", "digital": false, "image": "earphone.jpg", "category": [4]}}, {"model": "dashboard.product", "pk": 16, "fields": {"name": "keyboard", "price": "35.99", "digital": false, "image": "keyboARD.webp", "category": [4]}}, {"model": "dashboard.product", "pk": 17, "fields": {"name": "mouse", "price": "21.00", "digital": false, "image": "mouse.jpg", "category": [4]}}, {"model": "dashboard.product", "pk": 18, "fields": {"name": "flash", "price": "16.00", "digital": false, "image": "flash.jpg", "category": [4]}}, {"model": "dashboard.product", "pk": 19, "fields": {"name": "board", "price": "4.50", "digital": false, "image": "board.jpg", "category": [5]}}, {"model": "dashboard.product", "pk": 20, "fields": {"name": "knife", "price": "3.60", "digital": false, "image": "knife.jpg", "category": [5]}}, {"model": "dashboard.product", "pk": 21, "fields": {"name": "spoon", "price": "1.05", "digital": false, "image": "spoon.jpg", "category": [5]}}, {"model": "dashboard.product", "pk": 22, "fields": {"name": "cup", "price": "0.20", "digital": false, "image": "cup.jpg", "category": [5]}}, {"model": "dashboard.product", "pk": 23, "fields": {"name": "kettle", "price": "8.60", "digital": false, "image": "ketle.jpg", "category": [3, 5]}}, {"model": "dashboard.product", "pk": 24, "fields": {"name": "Samsung laptop", "price": "790.00", "digital": false, "image": "samsung_laptop.jpg", "category": [6]}}, {"model": "dashboard.product", "pk": 25, "fields": {"name": "apple macbook", "price": "1390.00", "digital": false, "image": "apple_macb_ook.jpg", "category": [6]}}, {"model": "dashboard.product", "pk": 26, "fields": {"name": "HP processor", "price": "290.00", "digital": false, "image": "hp_processor.jpeg", "category": [6]}}, {"model": "dashboard.product", "pk": 27, "fields": {"name": "Gun", "price": "3.00", "digital": false, "image": "gun.jpg", "category": [7, 9]}}, {"model": "dashboard.product", "pk": 28, "fields": {"name": "Lego bricks", "price": "10.90", "digital": false, "image": "lego_bricks.jpg", "category": [7]}}, {"model": "dashboard.product", "pk": 29, "fields": {"name": "teddy bear", "price": "16.00", "digital": false, "image": "teddy_bear.jpg", "category": [7]}}, {"model": "dashboard.product", "pk": 30, "fields": {"name": "Domino", "price": "13.00", "digital": false, "image": "domino.jpg", "category": [7]}}, {"model": "dashboard.product", "pk": 31, "fields": {"name": "wheel", "price": "150.00", "digital": false, "image": "wheel.jpg", "category": [8, 9]}}, {"model": "dashboard.product", "pk": 32, "fields": {"name": "spray", "price": "35.00", "digital": false, "image": "spray.jpg", "category": [3, 5, 7, 8]}}, {"model": "dashboard.product", "pk": 33, "fields": {"name": "ball", "price": "10.00", "digital": false, "image": "bal.jpg", "category": [7, 9]}}, {"model": "dashboard.product", "pk": 34, "fields": {"name": "sneakers", "price": "48.00", "digital": false, "image": "sneakers.jpg", "category": [9, 10]}}, {"model": "dashboard.product", "pk": 35, "fields": {"name": "bag", "price": "15.00", "digital": false, "image": "bag.jpg", "category": [9, 10]}}, {"model": "dashboard.product", "pk": 36, "fields": {"name": "boys' shirt", "price": "28.00", "digital": false, "image": "boys_shirt.jpg", "category": [10, 11]}}, {"model": "dashboard.product", "pk": 37, "fields": {"name": "girls' shirt", "price": "28.00", "digital": false, "image": "girls_shirt.jpg", "category": [9, 10, 11]}}, {"model": "dashboard.product", "pk": 38, "fields": {"name": "shoes", "price": "49.00", "digital": false, "image": "shoes.jpeg", "category": [9, 10, 11]}}, {"model": "dashboard.product", "pk": 39, "fields": {"name": "Oriflame cream", "price": "15.00", "digital": false, "image": "oriflame_cream.Jpeg", "category": [11, 12]}}, {"model": "dashboard.product", "pk": 40, "fields": {"name": "Paris parfume", "price": "99.00", "digital": false, "image": "parfume.jpg", "category": [10, 11]}}, {"model": "dashboard.product", "pk": 41, "fields": {"name": "Cotton", "price": "5.00", "digital": false, "image": "cotton.jpg", "category": [3, 12]}}, {"model": "dashboard.product", "pk": 42, "fields": {"name": "GTA 5", "price": "50.00", "digital": true, "image": "GTA_5_logo_92cVsqX.png", "category": [4, 6]}}, {"model": "dashboard.order", "pk": 36, "fields": {"customer": 3, "date_ordered": "2020-06-09T07:20:55.522Z", "complete": true, "transaction_id": "1591687277.091406"}}, {"model": "dashboard.order", "pk": 39, "fields": {"customer": 3, "date_ordered": "2020-06-09T07:36:50.010Z", "complete": false, "transaction_id": null}}, {"model": "dashboard.orderitem", "pk": 172, "fields": {"product": 1, "order": 36, "date_added": "2020-06-09T07:20:55.647Z", "quantity": 1}}, {"model": "dashboard.orderitem", "pk": 173, "fields": {"product": 4, "order": 36, "date_added": "2020-06-09T07:20:56.490Z", "quantity": 1}}, {"model": "dashboard.orderitem", "pk": 179, "fields": {"product": 2, "order": 39, "date_added": "2020-06-09T07:36:50.329Z", "quantity": 1}}, {"model": "dashboard.shippingaddress", "pk": 25, "fields": {"customer": 3, "order": 36, "address": "Islomobod", "city": "Altyaryk", "country": "Uzbekistan", "zipcode": "151200", "date_added": "2020-06-09T07:21:17.203Z"}}, {"model": "auth.permission", "pk": 1, "fields": {"name": "Can add log entry", "content_type": 1, "codename": "add_logentry"}}, {"model": "auth.permission", "pk": 2, "fields": {"name": "Can change log entry", "content_type": 1, "codename": "change_logentry"}}, {"model": "auth.permission", "pk": 3, "fields": {"name": "Can delete log entry", "content_type": 1, "codename": "delete_logentry"}}, {"model": "auth.permission", "pk": 4, "fields": {"name": "Can view log entry", "content_type": 1, "codename": "view_logentry"}}, {"model": "auth.permission", "pk": 5, "fields": {"name": "Can add permission", "content_type": 2, "codename": "add_permission"}}, {"model": "auth.permission", "pk": 6, "fields": {"name": "Can change permission", "content_type": 2, "codename": "change_permission"}}, {"model": "auth.permission", "pk": 7, "fields": {"name": "Can delete permission", "content_type": 2, "codename": "delete_permission"}}, {"model": "auth.permission", "pk": 8, "fields": {"name": "Can view permission", "content_type": 2, "codename": "view_permission"}}, {"model": "auth.permission", "pk": 9, "fields": {"name": "Can add group", "content_type": 3, "codename": "add_group"}}, {"model": "auth.permission", "pk": 10, "fields": {"name": "Can change group", "content_type": 3, "codename": "change_group"}}, {"model": "auth.permission", "pk": 11, "fields": {"name": "Can delete group", "content_type": 3, "codename": "delete_group"}}, {"model": "auth.permission", "pk": 12, "fields": {"name": "Can view group", "content_type": 3, "codename": "view_group"}}, {"model": "auth.permission", "pk": 13, "fields": {"name": "Can add user", "content_type": 4, "codename": "add_user"}}, {"model": "auth.permission", "pk": 14, "fields": {"name": "Can change user", "content_type": 4, "codename": "change_user"}}, {"model": "auth.permission", "pk": 15, "fields": {"name": "Can delete user", "content_type": 4, "codename": "delete_user"}}, {"model": "auth.permission", "pk": 16, "fields": {"name": "Can view user", "content_type": 4, "codename": "view_user"}}, {"model": "auth.permission", "pk": 17, "fields": {"name": "Can add content type", "content_type": 5, "codename": "add_contenttype"}}, {"model": "auth.permission", "pk": 18, "fields": {"name": "Can change content type", "content_type": 5, "codename": "change_contenttype"}}, {"model": "auth.permission", "pk": 19, "fields": {"name": "Can delete content type", "content_type": 5, "codename": "delete_contenttype"}}, {"model": "auth.permission", "pk": 20, "fields": {"name": "Can view content type", "content_type": 5, "codename": "view_contenttype"}}, {"model": "auth.permission", "pk": 21, "fields": {"name": "Can add session", "content_type": 6, "codename": "add_session"}}, {"model": "auth.permission", "pk": 22, "fields": {"name": "Can change session", "content_type": 6, "codename": "change_session"}}, {"model": "auth.permission", "pk": 23, "fields": {"name": "Can delete session", "content_type": 6, "codename": "delete_session"}}, {"model": "auth.permission", "pk": 24, "fields": {"name": "Can view session", "content_type": 6, "codename": "view_session"}}, {"model": "auth.permission", "pk": 25, "fields": {"name": "Can add product", "content_type": 7, "codename": "add_product"}}, {"model": "auth.permission", "pk": 26, "fields": {"name": "Can change product", "content_type": 7, "codename": "change_product"}}, {"model": "auth.permission", "pk": 27, "fields": {"name": "Can delete product", "content_type": 7, "codename": "delete_product"}}, {"model": "auth.permission", "pk": 28, "fields": {"name": "Can view product", "content_type": 7, "codename": "view_product"}}, {"model": "auth.permission", "pk": 29, "fields": {"name": "Can add order item", "content_type": 8, "codename": "add_orderitem"}}, {"model": "auth.permission", "pk": 30, "fields": {"name": "Can change order item", "content_type": 8, "codename": "change_orderitem"}}, {"model": "auth.permission", "pk": 31, "fields": {"name": "Can delete order item", "content_type": 8, "codename": "delete_orderitem"}}, {"model": "auth.permission", "pk": 32, "fields": {"name": "Can view order item", "content_type": 8, "codename": "view_orderitem"}}, {"model": "auth.permission", "pk": 33, "fields": {"name": "Can add shipping address", "content_type": 9, "codename": "add_shippingaddress"}}, {"model": "auth.permission", "pk": 34, "fields": {"name": "Can change shipping address", "content_type": 9, "codename": "change_shippingaddress"}}, {"model": "auth.permission", "pk": 35, "fields": {"name": "Can delete shipping address", "content_type": 9, "codename": "delete_shippingaddress"}}, {"model": "auth.permission", "pk": 36, "fields": {"name": "Can view shipping address", "content_type": 9, "codename": "view_shippingaddress"}}, {"model": "auth.permission", "pk": 37, "fields": {"name": "Can add customer", "content_type": 10, "codename": "add_customer"}}, {"model": "auth.permission", "pk": 38, "fields": {"name": "Can change customer", "content_type": 10, "codename": "change_customer"}}, {"model": "auth.permission", "pk": 39, "fields": {"name": "Can delete customer", "content_type": 10, "codename": "delete_customer"}}, {"model": "auth.permission", "pk": 40, "fields": {"name": "Can view customer", "content_type": 10, "codename": "view_customer"}}, {"model": "auth.permission", "pk": 41, "fields": {"name": "Can add order", "content_type": 11, "codename": "add_order"}}, {"model": "auth.permission", "pk": 42, "fields": {"name": "Can change order", "content_type": 11, "codename": "change_order"}}, {"model": "auth.permission", "pk": 43, "fields": {"name": "Can delete order", "content_type": 11, "codename": "delete_order"}}, {"model": "auth.permission", "pk": 44, "fields": {"name": "Can view order", "content_type": 11, "codename": "view_order"}}, {"model": "auth.permission", "pk": 45, "fields": {"name": "Can add category", "content_type": 12, "codename": "add_category"}}, {"model": "auth.permission", "pk": 46, "fields": {"name": "Can change category", "content_type": 12, "codename": "change_category"}}, {"model": "auth.permission", "pk": 47, "fields": {"name": "Can delete category", "content_type": 12, "codename": "delete_category"}}, {"model": "auth.permission", "pk": 48, "fields": {"name": "Can view category", "content_type": 12, "codename": "view_category"}}, {"model": "auth.permission", "pk": 49, "fields": {"name": "Can add cart", "content_type": 13, "codename": "add_cart"}}, {"model": "auth.permission", "pk": 50, "fields": {"name": "Can change cart", "content_type": 13, "codename": "change_cart"}}, {"model": "auth.permission", "pk": 51, "fields": {"name": "Can delete cart", "content_type": 13, "codename": "delete_cart"}}, {"model": "auth.permission", "pk": 52, "fields": {"name": "Can view cart", "content_type": 13, "codename": "view_cart"}}, {"model": "auth.user", "pk": 2, "fields": {"password": "pbkdf2_sha256$180000$LrB8Dkz37huX$CTjRmbLVNmM42d4HRSxaTNGEAvmKDiL1jXisrGsxaAA=", "last_login": "2020-06-09T14:48:43.483Z", "is_superuser": true, "username": "Brian", "first_name": "", "last_name": "", "email": "royal_090@bk.ru", "is_staff": true, "is_active": true, "date_joined": "2020-05-21T05:27:35.536Z", "groups": [], "user_permissions": []}}, {"model": "auth.user", "pk": 12, "fields": {"password": "pbkdf2_sha256$180000$b4vjZf6ZrntO$zg1cSFGAInLQ/oRoywPR834pxlfauxSWGgoga21cigw=", "last_login": "2020-06-09T07:22:52.963Z", "is_superuser": false, "username": "Sam", "first_name": "", "last_name": "", "email": "sam@gmail.com", "is_staff": false, "is_active": true, "date_joined": "2020-06-04T22:50:48.137Z", "groups": [], "user_permissions": []}}, {"model": "auth.user", "pk": 13, "fields": {"password": "pbkdf2_sha256$180000$HCXkyK6mR6DA$9svaSktC2Zp3wpApzSSUy7a1r5mPAj9X5wCkwXssG0s=", "last_login": "2020-06-09T07:22:05.954Z", "is_superuser": false, "username": "Brian090", "first_name": "", "last_name": "", "email": "royal_090@bk.ru", "is_staff": false, "is_active": true, "date_joined": "2020-06-07T16:52:37.228Z", "groups": [], "user_permissions": []}}, {"model": "dashboard.customer", "pk": 3, "fields": {"user": 2, "name": "Brian", "email": "toirovshohruxmirzo@gmail.com"}}, {"model": "admin.logentry", "pk": 1, "fields": {"action_time": "2020-05-21T05:28:53.446Z", "user": 2, "content_type": 4, "object_id": "1", "object_repr": "Sam", "action_flag": 3, "change_message": ""}}, {"model": "admin.logentry", "pk": 2, "fields": {"action_time": "2020-05-22T01:36:18.204Z", "user": 2, "content_type": 7, "object_id": "1", "object_repr": "Snickers", "action_flag": 1, "change_message": "[{\"added\": {}}]"}}, {"model": "admin.logentry", "pk": 3, "fields": {"action_time": "2020-05-22T01:36:27.699Z", "user": 2, "content_type": 7, "object_id": "2", "object_repr": "Mars", "action_flag": 1, "change_message": "[{\"added\": {}}]"}}, {"model": "admin.logentry", "pk": 4, "fields": {"action_time": "2020-05-22T01:36:47.731Z", "user": 2, "content_type": 7, "object_id": "3", "object_repr": "laptop", "action_flag": 1, "change_message": "[{\"added\": {}}]"}}, {"model": "admin.logentry", "pk": 5, "fields": {"action_time": "2020-05-22T03:21:38.657Z", "user": 2, "content_type": 7, "object_id": "4", "object_repr": "Sunglasses", "action_flag": 1, "change_message": "[{\"added\": {}}]"}}, {"model": "admin.logentry", "pk": 6, "fields": {"action_time": "2020-05-22T03:22:06.233Z", "user": 2, "content_type": 7, "object_id": "5", "object_repr": "GTA 5", "action_flag": 1, "change_message": "[{\"added\": {}}]"}}, {"model": "admin.logentry", "pk": 7, "fields": {"action_time": "2020-05-22T04:40:16.432Z", "user": 2, "content_type": 7, "object_id": "4", "object_repr": "Sunglasses", "action_flag": 2, "change_message": "[{\"changed\": {\"fields\": [\"Category\"]}}]"}}, {"model": "admin.logentry", "pk": 8, "fields": {"action_time": "2020-05-22T04:40:30.021Z", "user": 2, "content_type": 7, "object_id": "3", "object_repr": "laptop", "action_flag": 2, "change_message": "[{\"changed\": {\"fields\": [\"Category\"]}}]"}}, {"model": "admin.logentry", "pk": 9, "fields": {"action_time": "2020-05-22T04:40:38.869Z", "user": 2, "content_type": 7, "object_id": "2", "object_repr": "Mars", "action_flag": 2, "change_message": "[{\"changed\": {\"fields\": [\"Category\"]}}]"}}, {"model": "admin.logentry", "pk": 10, "fields": {"action_time": "2020-05-22T04:40:43.706Z", "user": 2, "content_type": 7, "object_id": "1", "object_repr": "Snickers", "action_flag": 2, "change_message": "[{\"changed\": {\"fields\": [\"Category\"]}}]"}}, {"model": "admin.logentry", "pk": 11, "fields": {"action_time": "2020-05-22T05:06:33.214Z", "user": 2, "content_type": 7, "object_id": "41", "object_repr": "Cotton", "action_flag": 2, "change_message": "[{\"changed\": {\"fields\": [\"Category\"]}}]"}}, {"model": "admin.logentry", "pk": 12, "fields": {"action_time": "2020-05-22T05:06:46.094Z", "user": 2, "content_type": 7, "object_id": "40", "object_repr": "Paris parfume", "action_flag": 2, "change_message": "[{\"changed\": {\"fields\": [\"Category\"]}}]"}}, {"model": "admin.logentry", "pk": 13, "fields": {"action_time": "2020-05-22T05:07:03.527Z", "user": 2, "content_type": 7, "object_id": "39", "object_repr": "Oriflame cream", "action_flag": 2, "change_message": "[{\"changed\": {\"fields\": [\"Category\"]}}]"}}, {"model": "admin.logentry", "pk": 14, "fields": {"action_time": "2020-05-22T05:07:17.120Z", "user": 2, "content_type": 7, "object_id": "38", "object_repr": "shoes", "action_flag": 2, "change_message": "[{\"changed\": {\"fields\": [\"Category\"]}}]"}}, {"model": "admin.logentry", "pk": 15, "fields": {"action_time": "2020-05-22T05:07:30.328Z", "user": 2, "content_type": 7, "object_id": "37", "object_repr": "girls' shirt", "action_flag": 2, "change_message": "[{\"changed\": {\"fields\": [\"Category\"]}}]"}}, {"model": "admin.logentry", "pk": 16, "fields": {"action_time": "2020-05-22T05:07:37.781Z", "user": 2, "content_type": 7, "object_id": "35", "object_repr": "bag", "action_flag": 2, "change_message": "[{\"changed\": {\"fields\": [\"Category\"]}}]"}}, {"model": "admin.logentry", "pk": 17, "fields": {"action_time": "2020-05-22T05:07:45.342Z", "user": 2, "content_type": 7, "object_id": "34", "object_repr": "sneakers", "action_flag": 2, "change_message": "[{\"changed\": {\"fields\": [\"Category\"]}}]"}}, {"model": "admin.logentry", "pk": 18, "fields": {"action_time": "2020-05-22T05:07:54.608Z", "user": 2, "content_type": 7, "object_id": "33", "object_repr": "ball", "action_flag": 2, "change_message": "[{\"changed\": {\"fields\": [\"Category\"]}}]"}}, {"model": "admin.logentry", "pk": 19, "fields": {"action_time": "2020-05-22T05:08:09.609Z", "user": 2, "content_type": 7, "object_id": "32", "object_repr": "spray", "action_flag": 2, "change_message": "[{\"changed\": {\"fields\": [\"Category\"]}}]"}}, {"model": "admin.logentry", "pk": 20, "fields": {"action_time": "2020-05-22T05:08:26.144Z", "user": 2, "content_type": 7, "object_id": "31", "object_repr": "wheel", "action_flag": 2, "change_message": "[{\"changed\": {\"fields\": [\"Category\"]}}]"}}, {"model": "admin.logentry", "pk": 21, "fields": {"action_time": "2020-05-22T05:08:37.679Z", "user": 2, "content_type": 7, "object_id": "30", "object_repr": "Domino", "action_flag": 2, "change_message": "[{\"changed\": {\"fields\": [\"Category\"]}}]"}}, {"model": "admin.logentry", "pk": 22, "fields": {"action_time": "2020-05-22T05:08:42.860Z", "user": 2, "content_type": 7, "object_id": "29", "object_repr": "teddy bear", "action_flag": 2, "change_message": "[{\"changed\": {\"fields\": [\"Category\"]}}]"}}, {"model": "admin.logentry", "pk": 23, "fields": {"action_time": "2020-05-22T05:08:48.660Z", "user": 2, "content_type": 7, "object_id": "28", "object_repr": "Lego bricks", "action_flag": 2, "change_message": "[{\"changed\": {\"fields\": [\"Category\"]}}]"}}, {"model": "admin.logentry", "pk": 24, "fields": {"action_time": "2020-05-22T05:08:58.120Z", "user": 2, "content_type": 7, "object_id": "27", "object_repr": "Gun", "action_flag": 2, "change_message": "[{\"changed\": {\"fields\": [\"Category\"]}}]"}}, {"model": "admin.logentry", "pk": 25, "fields": {"action_time": "2020-05-22T05:09:07.781Z", "user": 2, "content_type": 7, "object_id": "26", "object_repr": "HP processor", "action_flag": 2, "change_message": "[{\"changed\": {\"fields\": [\"Category\"]}}]"}}, {"model": "admin.logentry", "pk": 26, "fields": {"action_time": "2020-05-22T05:09:13.453Z", "user": 2, "content_type": 7, "object_id": "25", "object_repr": "apple macbook", "action_flag": 2, "change_message": "[{\"changed\": {\"fields\": [\"Category\"]}}]"}}, {"model": "admin.logentry", "pk": 27, "fields": {"action_time": "2020-05-22T05:09:21.420Z", "user": 2, "content_type": 7, "object_id": "24", "object_repr": "Samsung laptop", "action_flag": 2, "change_message": "[{\"changed\": {\"fields\": [\"Category\"]}}]"}}, {"model": "admin.logentry", "pk": 28, "fields": {"action_time": "2020-05-22T05:09:38.672Z", "user": 2, "content_type": 7, "object_id": "23", "object_repr": "kettle", "action_flag": 2, "change_message": "[{\"changed\": {\"fields\": [\"Category\"]}}]"}}, {"model": "admin.logentry", "pk": 29, "fields": {"action_time": "2020-05-22T05:09:44.477Z", "user": 2, "content_type": 7, "object_id": "22", "object_repr": "cup", "action_flag": 2, "change_message": "[{\"changed\": {\"fields\": [\"Category\"]}}]"}}, {"model": "admin.logentry", "pk": 30, "fields": {"action_time": "2020-05-22T05:09:53.655Z", "user": 2, "content_type": 7, "object_id": "21", "object_repr": "spoon", "action_flag": 2, "change_message": "[{\"changed\": {\"fields\": [\"Category\"]}}]"}}, {"model": "admin.logentry", "pk": 31, "fields": {"action_time": "2020-05-22T05:10:02.502Z", "user": 2, "content_type": 7, "object_id": "21", "object_repr": "spoon", "action_flag": 2, "change_message": "[]"}}, {"model": "admin.logentry", "pk": 32, "fields": {"action_time": "2020-05-22T05:10:07.756Z", "user": 2, "content_type": 7, "object_id": "20", "object_repr": "knife", "action_flag": 2, "change_message": "[{\"changed\": {\"fields\": [\"Category\"]}}]"}}, {"model": "admin.logentry", "pk": 33, "fields": {"action_time": "2020-05-22T05:10:12.370Z", "user": 2, "content_type": 7, "object_id": "19", "object_repr": "board", "action_flag": 2, "change_message": "[{\"changed\": {\"fields\": [\"Category\"]}}]"}}, {"model": "admin.logentry", "pk": 34, "fields": {"action_time": "2020-05-22T05:10:18.284Z", "user": 2, "content_type": 7, "object_id": "18", "object_repr": "flash", "action_flag": 2, "change_message": "[{\"changed\": {\"fields\": [\"Category\"]}}]"}}, {"model": "admin.logentry", "pk": 35, "fields": {"action_time": "2020-05-22T05:10:28.904Z", "user": 2, "content_type": 7, "object_id": "17", "object_repr": "mouse", "action_flag": 2, "change_message": "[{\"changed\": {\"fields\": [\"Category\"]}}]"}}, {"model": "admin.logentry", "pk": 36, "fields": {"action_time": "2020-05-22T05:10:33.907Z", "user": 2, "content_type": 7, "object_id": "16", "object_repr": "keyboard", "action_flag": 2, "change_message": "[{\"changed\": {\"fields\": [\"Category\"]}}]"}}, {"model": "admin.logentry", "pk": 37, "fields": {"action_time": "2020-05-22T05:10:37.331Z", "user": 2, "content_type": 7, "object_id": "15", "object_repr": "earphone", "action_flag": 2, "change_message": "[{\"changed\": {\"fields\": [\"Category\"]}}]"}}, {"model": "admin.logentry", "pk": 38, "fields": {"action_time": "2020-05-22T05:10:41.397Z", "user": 2, "content_type": 7, "object_id": "14", "object_repr": "battery", "action_flag": 2, "change_message": "[{\"changed\": {\"fields\": [\"Category\"]}}]"}}, {"model": "admin.logentry", "pk": 39, "fields": {"action_time": "2020-05-22T05:10:46.949Z", "user": 2, "content_type": 7, "object_id": "13", "object_repr": "mirror", "action_flag": 2, "change_message": "[{\"changed\": {\"fields\": [\"Category\"]}}]"}}, {"model": "admin.logentry", "pk": 40, "fields": {"action_time": "2020-05-22T05:10:54.411Z", "user": 2, "content_type": 7, "object_id": "12", "object_repr": "bell", "action_flag": 2, "change_message": "[{\"changed\": {\"fields\": [\"Category\"]}}]"}}, {"model": "admin.logentry", "pk": 41, "fields": {"action_time": "2020-05-22T05:10:59.779Z", "user": 2, "content_type": 7, "object_id": "11", "object_repr": "lamp", "action_flag": 2, "change_message": "[{\"changed\": {\"fields\": [\"Category\"]}}]"}}, {"model": "admin.logentry", "pk": 42, "fields": {"action_time": "2020-05-22T05:11:04.947Z", "user": 2, "content_type": 7, "object_id": "10", "object_repr": "screwdriver", "action_flag": 2, "change_message": "[{\"changed\": {\"fields\": [\"Category\"]}}]"}}, {"model": "admin.logentry", "pk": 43, "fields": {"action_time": "2020-05-22T05:11:10.689Z", "user": 2, "content_type": 7, "object_id": "9", "object_repr": "Orange Juice", "action_flag": 2, "change_message": "[{\"changed\": {\"fields\": [\"Category\"]}}]"}}, {"model": "admin.logentry", "pk": 44, "fields": {"action_time": "2020-05-22T05:11:15.068Z", "user": 2, "content_type": 7, "object_id": "8", "object_repr": "Natural tea", "action_flag": 2, "change_message": "[{\"changed\": {\"fields\": [\"Category\"]}}]"}}, {"model": "admin.logentry", "pk": 45, "fields": {"action_time": "2020-05-22T05:11:19.916Z", "user": 2, "content_type": 7, "object_id": "7", "object_repr": "Pepsi", "action_flag": 2, "change_message": "[{\"changed\": {\"fields\": [\"Category\"]}}]"}}, {"model": "admin.logentry", "pk": 46, "fields": {"action_time": "2020-05-22T05:11:24.454Z", "user": 2, "content_type": 7, "object_id": "6", "object_repr": "Coca-Cola", "action_flag": 2, "change_message": "[{\"changed\": {\"fields\": [\"Category\"]}}]"}}, {"model": "admin.logentry", "pk": 47, "fields": {"action_time": "2020-05-22T05:11:33.373Z", "user": 2, "content_type": 7, "object_id": "3", "object_repr": "laptop", "action_flag": 2, "change_message": "[]"}}, {"model": "admin.logentry", "pk": 48, "fields": {"action_time": "2020-05-24T09:15:07.229Z", "user": 2, "content_type": 7, "object_id": "41", "object_repr": "Cotton", "action_flag": 2, "change_message": "[{\"changed\": {\"fields\": [\"Image\"]}}]"}}, {"model": "admin.logentry", "pk": 49, "fields": {"action_time": "2020-05-24T09:28:44.910Z", "user": 2, "content_type": 7, "object_id": "40", "object_repr": "Paris parfume", "action_flag": 2, "change_message": "[{\"changed\": {\"fields\": [\"Image\"]}}]"}}, {"model": "admin.logentry", "pk": 50, "fields": {"action_time": "2020-05-24T09:29:17.276Z", "user": 2, "content_type": 7, "object_id": "39", "object_repr": "Oriflame cream", "action_flag": 2, "change_message": "[{\"changed\": {\"fields\": [\"Image\"]}}]"}}, {"model": "admin.logentry", "pk": 51, "fields": {"action_time": "2020-05-24T09:29:25.878Z", "user": 2, "content_type": 7, "object_id": "38", "object_repr": "shoes", "action_flag": 2, "change_message": "[{\"changed\": {\"fields\": [\"Image\"]}}]"}}, {"model": "admin.logentry", "pk": 52, "fields": {"action_time": "2020-05-24T09:29:33.950Z", "user": 2, "content_type": 7, "object_id": "37", "object_repr": "girls' shirt", "action_flag": 2, "change_message": "[{\"changed\": {\"fields\": [\"Image\"]}}]"}}, {"model": "admin.logentry", "pk": 53, "fields": {"action_time": "2020-05-24T09:30:13.169Z", "user": 2, "content_type": 7, "object_id": "36", "object_repr": "boys' shirt", "action_flag": 2, "change_message": "[{\"changed\": {\"fields\": [\"Category\", \"Image\"]}}]"}}, {"model": "admin.logentry", "pk": 54, "fields": {"action_time": "2020-05-24T09:30:24.603Z", "user": 2, "content_type": 7, "object_id": "35", "object_repr": "bag", "action_flag": 2, "change_message": "[{\"changed\": {\"fields\": [\"Image\"]}}]"}}, {"model": "admin.logentry", "pk": 55, "fields": {"action_time": "2020-05-24T09:30:32.071Z", "user": 2, "content_type": 7, "object_id": "34", "object_repr": "sneakers", "action_flag": 2, "change_message": "[{\"changed\": {\"fields\": [\"Image\"]}}]"}}, {"model": "admin.logentry", "pk": 56, "fields": {"action_time": "2020-05-24T09:30:56.410Z", "user": 2, "content_type": 7, "object_id": "33", "object_repr": "ball", "action_flag": 2, "change_message": "[{\"changed\": {\"fields\": [\"Image\"]}}]"}}, {"model": "admin.logentry", "pk": 57, "fields": {"action_time": "2020-05-24T09:31:19.097Z", "user": 2, "content_type": 7, "object_id": "32", "object_repr": "spray", "action_flag": 2, "change_message": "[{\"changed\": {\"fields\": [\"Image\"]}}]"}}, {"model": "admin.logentry", "pk": 58, "fields": {"action_time": "2020-05-24T09:31:32.494Z", "user": 2, "content_type": 7, "object_id": "31", "object_repr": "wheel", "action_flag": 2, "change_message": "[{\"changed\": {\"fields\": [\"Image\"]}}]"}}, {"model": "admin.logentry", "pk": 59, "fields": {"action_time": "2020-05-24T09:31:40.236Z", "user": 2, "content_type": 7, "object_id": "30", "object_repr": "Domino", "action_flag": 2, "change_message": "[{\"changed\": {\"fields\": [\"Image\"]}}]"}}, {"model": "admin.logentry", "pk": 60, "fields": {"action_time": "2020-05-24T09:31:46.714Z", "user": 2, "content_type": 7, "object_id": "29", "object_repr": "teddy bear", "action_flag": 2, "change_message": "[{\"changed\": {\"fields\": [\"Image\"]}}]"}}, {"model": "admin.logentry", "pk": 61, "fields": {"action_time": "2020-05-24T09:31:54.727Z", "user": 2, "content_type": 7, "object_id": "28", "object_repr": "Lego bricks", "action_flag": 2, "change_message": "[{\"changed\": {\"fields\": [\"Image\"]}}]"}}, {"model": "admin.logentry", "pk": 62, "fields": {"action_time": "2020-05-24T09:32:02.108Z", "user": 2, "content_type": 7, "object_id": "27", "object_repr": "Gun", "action_flag": 2, "change_message": "[{\"changed\": {\"fields\": [\"Image\"]}}]"}}, {"model": "admin.logentry", "pk": 63, "fields": {"action_time": "2020-05-24T09:32:09.309Z", "user": 2, "content_type": 7, "object_id": "26", "object_repr": "HP processor", "action_flag": 2, "change_message": "[{\"changed\": {\"fields\": [\"Image\"]}}]"}}, {"model": "admin.logentry", "pk": 64, "fields": {"action_time": "2020-05-24T09:32:16.039Z", "user": 2, "content_type": 7, "object_id": "25", "object_repr": "apple macbook", "action_flag": 2, "change_message": "[{\"changed\": {\"fields\": [\"Image\"]}}]"}}, {"model": "admin.logentry", "pk": 65, "fields": {"action_time": "2020-05-24T09:32:22.674Z", "user": 2, "content_type": 7, "object_id": "24", "object_repr": "Samsung laptop", "action_flag": 2, "change_message": "[{\"changed\": {\"fields\": [\"Image\"]}}]"}}, {"model": "admin.logentry", "pk": 66, "fields": {"action_time": "2020-05-24T09:32:30.805Z", "user": 2, "content_type": 7, "object_id": "23", "object_repr": "kettle", "action_flag": 2, "change_message": "[{\"changed\": {\"fields\": [\"Image\"]}}]"}}, {"model": "admin.logentry", "pk": 67, "fields": {"action_time": "2020-05-24T09:32:37.880Z", "user": 2, "content_type": 7, "object_id": "22", "object_repr": "cup", "action_flag": 2, "change_message": "[{\"changed\": {\"fields\": [\"Image\"]}}]"}}, {"model": "admin.logentry", "pk": 68, "fields": {"action_time": "2020-05-24T09:32:47.928Z", "user": 2, "content_type": 7, "object_id": "21", "object_repr": "spoon", "action_flag": 2, "change_message": "[{\"changed\": {\"fields\": [\"Image\"]}}]"}}, {"model": "admin.logentry", "pk": 69, "fields": {"action_time": "2020-05-24T09:32:55.475Z", "user": 2, "content_type": 7, "object_id": "20", "object_repr": "knife", "action_flag": 2, "change_message": "[{\"changed\": {\"fields\": [\"Image\"]}}]"}}, {"model": "admin.logentry", "pk": 70, "fields": {"action_time": "2020-05-24T09:55:04.843Z", "user": 2, "content_type": 7, "object_id": "1", "object_repr": "Snickers", "action_flag": 2, "change_message": "[{\"changed\": {\"fields\": [\"Image\"]}}]"}}, {"model": "admin.logentry", "pk": 71, "fields": {"action_time": "2020-05-24T09:55:22.519Z", "user": 2, "content_type": 7, "object_id": "2", "object_repr": "Mars", "action_flag": 2, "change_message": "[{\"changed\": {\"fields\": [\"Image\"]}}]"}}, {"model": "admin.logentry", "pk": 72, "fields": {"action_time": "2020-05-24T09:55:37.912Z", "user": 2, "content_type": 7, "object_id": "3", "object_repr": "laptop", "action_flag": 2, "change_message": "[{\"changed\": {\"fields\": [\"Image\"]}}]"}}, {"model": "admin.logentry", "pk": 73, "fields": {"action_time": "2020-05-24T09:55:47.496Z", "user": 2, "content_type": 7, "object_id": "4", "object_repr": "Sunglasses", "action_flag": 2, "change_message": "[{\"changed\": {\"fields\": [\"Image\"]}}]"}}, {"model": "admin.logentry", "pk": 74, "fields": {"action_time": "2020-05-24T09:56:06.583Z", "user": 2, "content_type": 7, "object_id": "5", "object_repr": "GTA 5", "action_flag": 2, "change_message": "[{\"changed\": {\"fields\": [\"Category\", \"Image\"]}}]"}}, {"model": "admin.logentry", "pk": 75, "fields": {"action_time": "2020-05-24T09:56:17.639Z", "user": 2, "content_type": 7, "object_id": "6", "object_repr": "Coca-Cola", "action_flag": 2, "change_message": "[{\"changed\": {\"fields\": [\"Image\"]}}]"}}, {"model": "admin.logentry", "pk": 76, "fields": {"action_time": "2020-05-24T09:56:25.653Z", "user": 2, "content_type": 7, "object_id": "7", "object_repr": "Pepsi", "action_flag": 2, "change_message": "[{\"changed\": {\"fields\": [\"Image\"]}}]"}}, {"model": "admin.logentry", "pk": 77, "fields": {"action_time": "2020-05-24T09:56:35.912Z", "user": 2, "content_type": 7, "object_id": "8", "object_repr": "Natural tea", "action_flag": 2, "change_message": "[{\"changed\": {\"fields\": [\"Image\"]}}]"}}, {"model": "admin.logentry", "pk": 78, "fields": {"action_time": "2020-05-24T09:56:43.623Z", "user": 2, "content_type": 7, "object_id": "19", "object_repr": "board", "action_flag": 2, "change_message": "[{\"changed\": {\"fields\": [\"Image\"]}}]"}}, {"model": "admin.logentry", "pk": 79, "fields": {"action_time": "2020-05-24T09:56:59.431Z", "user": 2, "content_type": 7, "object_id": "18", "object_repr": "flash", "action_flag": 2, "change_message": "[{\"changed\": {\"fields\": [\"Image\"]}}]"}}, {"model": "admin.logentry", "pk": 80, "fields": {"action_time": "2020-05-24T09:57:12.168Z", "user": 2, "content_type": 7, "object_id": "17", "object_repr": "mouse", "action_flag": 2, "change_message": "[{\"changed\": {\"fields\": [\"Image\"]}}]"}}, {"model": "admin.logentry", "pk": 81, "fields": {"action_time": "2020-05-24T09:57:26.568Z", "user": 2, "content_type": 7, "object_id": "9", "object_repr": "Orange Juice", "action_flag": 2, "change_message": "[{\"changed\": {\"fields\": [\"Image\"]}}]"}}, {"model": "admin.logentry", "pk": 82, "fields": {"action_time": "2020-05-24T09:57:43.341Z", "user": 2, "content_type": 7, "object_id": "10", "object_repr": "screwdriver", "action_flag": 2, "change_message": "[{\"changed\": {\"fields\": [\"Image\"]}}]"}}, {"model": "admin.logentry", "pk": 83, "fields": {"action_time": "2020-05-24T09:57:58.545Z", "user": 2, "content_type": 7, "object_id": "11", "object_repr": "lamp", "action_flag": 2, "change_message": "[{\"changed\": {\"fields\": [\"Image\"]}}]"}}, {"model": "admin.logentry", "pk": 84, "fields": {"action_time": "2020-05-24T09:58:08.822Z", "user": 2, "content_type": 7, "object_id": "12", "object_repr": "bell", "action_flag": 2, "change_message": "[{\"changed\": {\"fields\": [\"Image\"]}}]"}}, {"model": "admin.logentry", "pk": 85, "fields": {"action_time": "2020-05-24T09:58:21.070Z", "user": 2, "content_type": 7, "object_id": "13", "object_repr": "mirror", "action_flag": 2, "change_message": "[{\"changed\": {\"fields\": [\"Image\"]}}]"}}, {"model": "admin.logentry", "pk": 86, "fields": {"action_time": "2020-05-24T09:58:28.066Z", "user": 2, "content_type": 7, "object_id": "14", "object_repr": "battery", "action_flag": 2, "change_message": "[{\"changed\": {\"fields\": [\"Image\"]}}]"}}, {"model": "admin.logentry", "pk": 87, "fields": {"action_time": "2020-05-24T09:58:37.805Z", "user": 2, "content_type": 7, "object_id": "15", "object_repr": "earphone", "action_flag": 2, "change_message": "[{\"changed\": {\"fields\": [\"Image\"]}}]"}}, {"model": "admin.logentry", "pk": 88, "fields": {"action_time": "2020-05-24T09:58:51.919Z", "user": 2, "content_type": 7, "object_id": "16", "object_repr": "keyboard", "action_flag": 2, "change_message": "[{\"changed\": {\"fields\": [\"Image\"]}}]"}}, {"model": "admin.logentry", "pk": 89, "fields": {"action_time": "2020-05-27T09:24:03.073Z", "user": 2, "content_type": 4, "object_id": "3", "object_repr": "Sam", "action_flag": 3, "change_message": ""}}, {"model": "admin.logentry", "pk": 90, "fields": {"action_time": "2020-05-27T09:25:08.875Z", "user": 2, "content_type": 10, "object_id": "1", "object_repr": "Brian", "action_flag": 2, "change_message": "[{\"changed\": {\"fields\": [\"Cart\"]}}]"}}, {"model": "admin.logentry", "pk": 91, "fields": {"action_time": "2020-05-27T11:53:24.627Z", "user": 2, "content_type": 10, "object_id": "2", "object_repr": "Sam", "action_flag": 2, "change_message": "[{\"changed\": {\"fields\": [\"Cart\"]}}]"}}, {"model": "admin.logentry", "pk": 92, "fields": {"action_time": "2020-05-27T11:54:34.379Z", "user": 2, "content_type": 13, "object_id": "8", "object_repr": "Cart object (8)", "action_flag": 3, "change_message": ""}}, {"model": "admin.logentry", "pk": 93, "fields": {"action_time": "2020-05-27T11:54:34.500Z", "user": 2, "content_type": 13, "object_id": "7", "object_repr": "Cart object (7)", "action_flag": 3, "change_message": ""}}, {"model": "admin.logentry", "pk": 94, "fields": {"action_time": "2020-05-27T11:54:34.599Z", "user": 2, "content_type": 13, "object_id": "6", "object_repr": "Cart object (6)", "action_flag": 3, "change_message": ""}}, {"model": "admin.logentry", "pk": 95, "fields": {"action_time": "2020-05-27T11:54:34.691Z", "user": 2, "content_type": 13, "object_id": "5", "object_repr": "Cart object (5)", "action_flag": 3, "change_message": ""}}, {"model": "admin.logentry", "pk": 96, "fields": {"action_time": "2020-05-27T11:54:34.783Z", "user": 2, "content_type": 13, "object_id": "4", "object_repr": "Cart object (4)", "action_flag": 3, "change_message": ""}}, {"model": "admin.logentry", "pk": 97, "fields": {"action_time": "2020-05-27T11:54:34.875Z", "user": 2, "content_type": 13, "object_id": "3", "object_repr": "Cart object (3)", "action_flag": 3, "change_message": ""}}, {"model": "admin.logentry", "pk": 98, "fields": {"action_time": "2020-05-27T11:54:34.966Z", "user": 2, "content_type": 13, "object_id": "2", "object_repr": "Cart object (2)", "action_flag": 3, "change_message": ""}}, {"model": "admin.logentry", "pk": 99, "fields": {"action_time": "2020-05-27T11:54:35.066Z", "user": 2, "content_type": 13, "object_id": "1", "object_repr": "Cart object (1)", "action_flag": 3, "change_message": ""}}, {"model": "admin.logentry", "pk": 100, "fields": {"action_time": "2020-05-27T11:58:47.467Z", "user": 2, "content_type": 10, "object_id": "3", "object_repr": "Brian", "action_flag": 1, "change_message": "[{\"added\": {}}]"}}, {"model": "admin.logentry", "pk": 101, "fields": {"action_time": "2020-05-27T11:59:25.476Z", "user": 2, "content_type": 13, "object_id": "9", "object_repr": "Cart object (9)", "action_flag": 1, "change_message": "[{\"added\": {}}]"}}, {"model": "admin.logentry", "pk": 102, "fields": {"action_time": "2020-05-27T11:59:40.597Z", "user": 2, "content_type": 10, "object_id": "3", "object_repr": "Brian", "action_flag": 2, "change_message": "[{\"changed\": {\"fields\": [\"Cart\"]}}]"}}, {"model": "admin.logentry", "pk": 103, "fields": {"action_time": "2020-05-28T03:03:08.023Z", "user": 2, "content_type": 10, "object_id": "3", "object_repr": "Brian", "action_flag": 2, "change_message": "[{\"changed\": {\"fields\": [\"Name\", \"Email\"]}}]"}}, {"model": "admin.logentry", "pk": 104, "fields": {"action_time": "2020-05-28T03:03:23.570Z", "user": 2, "content_type": 10, "object_id": "4", "object_repr": "Sam", "action_flag": 1, "change_message": "[{\"added\": {}}]"}}, {"model": "admin.logentry", "pk": 105, "fields": {"action_time": "2020-05-28T03:04:06.600Z", "user": 2, "content_type": 11, "object_id": "1", "object_repr": "1", "action_flag": 1, "change_message": "[{\"added\": {}}]"}}, {"model": "admin.logentry", "pk": 106, "fields": {"action_time": "2020-05-28T03:04:29.715Z", "user": 2, "content_type": 8, "object_id": "1", "object_repr": "OrderItem object (1)", "action_flag": 1, "change_message": "[{\"added\": {}}]"}}, {"model": "admin.logentry", "pk": 107, "fields": {"action_time": "2020-05-28T03:04:38.977Z", "user": 2, "content_type": 8, "object_id": "2", "object_repr": "OrderItem object (2)", "action_flag": 1, "change_message": "[{\"added\": {}}]"}}, {"model": "admin.logentry", "pk": 108, "fields": {"action_time": "2020-05-29T07:58:21.320Z", "user": 2, "content_type": 4, "object_id": "6", "object_repr": "Abduvohid", "action_flag": 3, "change_message": ""}}, {"model": "admin.logentry", "pk": 109, "fields": {"action_time": "2020-05-29T07:58:21.590Z", "user": 2, "content_type": 4, "object_id": "5", "object_repr": "Asror", "action_flag": 3, "change_message": ""}}, {"model": "admin.logentry", "pk": 110, "fields": {"action_time": "2020-06-01T10:03:42.911Z", "user": 2, "content_type": 7, "object_id": "5", "object_repr": "GTA 5", "action_flag": 3, "change_message": ""}}, {"model": "admin.logentry", "pk": 111, "fields": {"action_time": "2020-06-03T15:21:09.903Z", "user": 2, "content_type": 7, "object_id": "42", "object_repr": "GTA 5", "action_flag": 1, "change_message": "[{\"added\": {}}]"}}, {"model": "admin.logentry", "pk": 112, "fields": {"action_time": "2020-06-03T16:26:43.109Z", "user": 2, "content_type": 4, "object_id": "7", "object_repr": "Asror", "action_flag": 3, "change_message": ""}}, {"model": "admin.logentry", "pk": 113, "fields": {"action_time": "2020-06-03T16:26:43.188Z", "user": 2, "content_type": 4, "object_id": "4", "object_repr": "Sam", "action_flag": 3, "change_message": ""}}, {"model": "admin.logentry", "pk": 114, "fields": {"action_time": "2020-06-03T16:33:41.180Z", "user": 2, "content_type": 4, "object_id": "8", "object_repr": "Sam", "action_flag": 3, "change_message": ""}}, {"model": "admin.logentry", "pk": 115, "fields": {"action_time": "2020-06-03T19:28:00.839Z", "user": 2, "content_type": 4, "object_id": "9", "object_repr": "Sam", "action_flag": 3, "change_message": ""}}, {"model": "admin.logentry", "pk": 116, "fields": {"action_time": "2020-06-03T20:23:20.236Z", "user": 2, "content_type": 8, "object_id": "64", "object_repr": "OrderItem object (64)", "action_flag": 3, "change_message": ""}}, {"model": "admin.logentry", "pk": 117, "fields": {"action_time": "2020-06-03T20:23:20.624Z", "user": 2, "content_type": 8, "object_id": "63", "object_repr": "OrderItem object (63)", "action_flag": 3, "change_message": ""}}, {"model": "admin.logentry", "pk": 118, "fields": {"action_time": "2020-06-03T20:23:20.876Z", "user": 2, "content_type": 8, "object_id": "62", "object_repr": "OrderItem object (62)", "action_flag": 3, "change_message": ""}}, {"model": "admin.logentry", "pk": 119, "fields": {"action_time": "2020-06-03T20:23:21.190Z", "user": 2, "content_type": 8, "object_id": "61", "object_repr": "OrderItem object (61)", "action_flag": 3, "change_message": ""}}, {"model": "admin.logentry", "pk": 120, "fields": {"action_time": "2020-06-03T20:23:21.499Z", "user": 2, "content_type": 8, "object_id": "41", "object_repr": "OrderItem object (41)", "action_flag": 3, "change_message": ""}}, {"model": "admin.logentry", "pk": 121, "fields": {"action_time": "2020-06-03T20:23:21.969Z", "user": 2, "content_type": 8, "object_id": "40", "object_repr": "OrderItem object (40)", "action_flag": 3, "change_message": ""}}, {"model": "admin.logentry", "pk": 122, "fields": {"action_time": "2020-06-03T20:23:22.302Z", "user": 2, "content_type": 8, "object_id": "39", "object_repr": "OrderItem object (39)", "action_flag": 3, "change_message": ""}}, {"model": "admin.logentry", "pk": 123, "fields": {"action_time": "2020-06-03T20:23:33.373Z", "user": 2, "content_type": 11, "object_id": "3", "object_repr": "Order object (3)", "action_flag": 3, "change_message": ""}}, {"model": "admin.logentry", "pk": 124, "fields": {"action_time": "2020-06-03T20:23:33.683Z", "user": 2, "content_type": 11, "object_id": "2", "object_repr": "Order object (2)", "action_flag": 3, "change_message": ""}}, {"model": "admin.logentry", "pk": 125, "fields": {"action_time": "2020-06-03T20:23:33.996Z", "user": 2, "content_type": 11, "object_id": "1", "object_repr": "Order object (1)", "action_flag": 3, "change_message": ""}}, {"model": "admin.logentry", "pk": 126, "fields": {"action_time": "2020-06-03T20:23:50.274Z", "user": 2, "content_type": 9, "object_id": "1", "object_repr": "Islomobod", "action_flag": 3, "change_message": ""}}, {"model": "admin.logentry", "pk": 127, "fields": {"action_time": "2020-06-03T20:27:58.867Z", "user": 2, "content_type": 11, "object_id": "4", "object_repr": "Order object (4)", "action_flag": 3, "change_message": ""}}, {"model": "admin.logentry", "pk": 128, "fields": {"action_time": "2020-06-03T20:28:29.417Z", "user": 2, "content_type": 9, "object_id": "2", "object_repr": "Inharo 91 Beongil 95", "action_flag": 3, "change_message": ""}}, {"model": "admin.logentry", "pk": 129, "fields": {"action_time": "2020-06-03T20:28:50.835Z", "user": 2, "content_type": 8, "object_id": "69", "object_repr": "OrderItem object (69)", "action_flag": 3, "change_message": ""}}, {"model": "admin.logentry", "pk": 130, "fields": {"action_time": "2020-06-03T20:28:50.915Z", "user": 2, "content_type": 8, "object_id": "68", "object_repr": "OrderItem object (68)", "action_flag": 3, "change_message": ""}}, {"model": "admin.logentry", "pk": 131, "fields": {"action_time": "2020-06-03T20:28:50.995Z", "user": 2, "content_type": 8, "object_id": "67", "object_repr": "OrderItem object (67)", "action_flag": 3, "change_message": ""}}, {"model": "admin.logentry", "pk": 132, "fields": {"action_time": "2020-06-03T20:28:51.085Z", "user": 2, "content_type": 8, "object_id": "66", "object_repr": "OrderItem object (66)", "action_flag": 3, "change_message": ""}}, {"model": "admin.logentry", "pk": 133, "fields": {"action_time": "2020-06-03T20:28:51.166Z", "user": 2, "content_type": 8, "object_id": "65", "object_repr": "OrderItem object (65)", "action_flag": 3, "change_message": ""}}, {"model": "admin.logentry", "pk": 134, "fields": {"action_time": "2020-06-04T14:20:03.310Z", "user": 2, "content_type": 11, "object_id": "9", "object_repr": "Order 9: Brian", "action_flag": 3, "change_message": ""}}, {"model": "admin.logentry", "pk": 135, "fields": {"action_time": "2020-06-04T14:20:03.606Z", "user": 2, "content_type": 11, "object_id": "8", "object_repr": "Order 8: Brian", "action_flag": 3, "change_message": ""}}, {"model": "admin.logentry", "pk": 136, "fields": {"action_time": "2020-06-04T14:20:03.890Z", "user": 2, "content_type": 11, "object_id": "7", "object_repr": "Order 7: Brian", "action_flag": 3, "change_message": ""}}, {"model": "admin.logentry", "pk": 137, "fields": {"action_time": "2020-06-04T14:20:04.198Z", "user": 2, "content_type": 11, "object_id": "6", "object_repr": "Order 6: Brian", "action_flag": 3, "change_message": ""}}, {"model": "admin.logentry", "pk": 138, "fields": {"action_time": "2020-06-04T14:20:04.514Z", "user": 2, "content_type": 11, "object_id": "5", "object_repr": "Order 5: Brian", "action_flag": 3, "change_message": ""}}, {"model": "admin.logentry", "pk": 139, "fields": {"action_time": "2020-06-04T14:20:14.393Z", "user": 2, "content_type": 9, "object_id": "6", "object_repr": "Inharo 91 Beongil 95", "action_flag": 3, "change_message": ""}}, {"model": "admin.logentry", "pk": 140, "fields": {"action_time": "2020-06-04T14:20:14.692Z", "user": 2, "content_type": 9, "object_id": "5", "object_repr": "Islomobod", "action_flag": 3, "change_message": ""}}, {"model": "admin.logentry", "pk": 141, "fields": {"action_time": "2020-06-04T14:20:14.983Z", "user": 2, "content_type": 9, "object_id": "4", "object_repr": "Islomobod 96 Altyaryk", "action_flag": 3, "change_message": ""}}, {"model": "admin.logentry", "pk": 142, "fields": {"action_time": "2020-06-04T14:20:15.292Z", "user": 2, "content_type": 9, "object_id": "3", "object_repr": "Michuhilgo", "action_flag": 3, "change_message": ""}}, {"model": "admin.logentry", "pk": 143, "fields": {"action_time": "2020-06-04T14:20:25.464Z", "user": 2, "content_type": 8, "object_id": "81", "object_repr": "OrderItem object (81)", "action_flag": 3, "change_message": ""}}, {"model": "admin.logentry", "pk": 144, "fields": {"action_time": "2020-06-04T14:20:25.561Z", "user": 2, "content_type": 8, "object_id": "80", "object_repr": "OrderItem object (80)", "action_flag": 3, "change_message": ""}}, {"model": "admin.logentry", "pk": 145, "fields": {"action_time": "2020-06-04T14:20:25.668Z", "user": 2, "content_type": 8, "object_id": "79", "object_repr": "OrderItem object (79)", "action_flag": 3, "change_message": ""}}, {"model": "admin.logentry", "pk": 146, "fields": {"action_time": "2020-06-04T14:20:25.769Z", "user": 2, "content_type": 8, "object_id": "78", "object_repr": "OrderItem object (78)", "action_flag": 3, "change_message": ""}}, {"model": "admin.logentry", "pk": 147, "fields": {"action_time": "2020-06-04T14:20:25.859Z", "user": 2, "content_type": 8, "object_id": "77", "object_repr": "OrderItem object (77)", "action_flag": 3, "change_message": ""}}, {"model": "admin.logentry", "pk": 148, "fields": {"action_time": "2020-06-04T14:20:25.951Z", "user": 2, "content_type": 8, "object_id": "76", "object_repr": "OrderItem object (76)", "action_flag": 3, "change_message": ""}}, {"model": "admin.logentry", "pk": 149, "fields": {"action_time": "2020-06-04T14:20:26.034Z", "user": 2, "content_type": 8, "object_id": "75", "object_repr": "OrderItem object (75)", "action_flag": 3, "change_message": ""}}, {"model": "admin.logentry", "pk": 150, "fields": {"action_time": "2020-06-04T14:20:26.127Z", "user": 2, "content_type": 8, "object_id": "74", "object_repr": "OrderItem object (74)", "action_flag": 3, "change_message": ""}}, {"model": "admin.logentry", "pk": 151, "fields": {"action_time": "2020-06-04T14:20:26.229Z", "user": 2, "content_type": 8, "object_id": "73", "object_repr": "OrderItem object (73)", "action_flag": 3, "change_message": ""}}, {"model": "admin.logentry", "pk": 152, "fields": {"action_time": "2020-06-04T14:20:26.328Z", "user": 2, "content_type": 8, "object_id": "72", "object_repr": "OrderItem object (72)", "action_flag": 3, "change_message": ""}}, {"model": "admin.logentry", "pk": 153, "fields": {"action_time": "2020-06-04T14:20:26.402Z", "user": 2, "content_type": 8, "object_id": "71", "object_repr": "OrderItem object (71)", "action_flag": 3, "change_message": ""}}, {"model": "admin.logentry", "pk": 154, "fields": {"action_time": "2020-06-04T14:20:26.494Z", "user": 2, "content_type": 8, "object_id": "70", "object_repr": "OrderItem object (70)", "action_flag": 3, "change_message": ""}}, {"model": "admin.logentry", "pk": 155, "fields": {"action_time": "2020-06-04T17:31:30.269Z", "user": 2, "content_type": 9, "object_id": "7", "object_repr": "Islomobod", "action_flag": 3, "change_message": ""}}, {"model": "admin.logentry", "pk": 156, "fields": {"action_time": "2020-06-04T17:31:42.024Z", "user": 2, "content_type": 11, "object_id": "11", "object_repr": "Order 11: Brian", "action_flag": 3, "change_message": ""}}, {"model": "admin.logentry", "pk": 157, "fields": {"action_time": "2020-06-04T17:31:42.103Z", "user": 2, "content_type": 11, "object_id": "10", "object_repr": "Order 10: Brian", "action_flag": 3, "change_message": ""}}, {"model": "admin.logentry", "pk": 158, "fields": {"action_time": "2020-06-04T17:31:52.144Z", "user": 2, "content_type": 8, "object_id": "91", "object_repr": "OrderItem object (91)", "action_flag": 3, "change_message": ""}}, {"model": "admin.logentry", "pk": 159, "fields": {"action_time": "2020-06-04T17:31:52.221Z", "user": 2, "content_type": 8, "object_id": "83", "object_repr": "OrderItem object (83)", "action_flag": 3, "change_message": ""}}, {"model": "admin.logentry", "pk": 160, "fields": {"action_time": "2020-06-04T17:31:52.304Z", "user": 2, "content_type": 8, "object_id": "82", "object_repr": "OrderItem object (82)", "action_flag": 3, "change_message": ""}}, {"model": "admin.logentry", "pk": 161, "fields": {"action_time": "2020-06-04T22:50:11.338Z", "user": 2, "content_type": 4, "object_id": "11", "object_repr": "Asror", "action_flag": 3, "change_message": ""}}, {"model": "admin.logentry", "pk": 162, "fields": {"action_time": "2020-06-04T22:50:11.400Z", "user": 2, "content_type": 4, "object_id": "10", "object_repr": "Sam", "action_flag": 3, "change_message": ""}}, {"model": "admin.logentry", "pk": 163, "fields": {"action_time": "2020-06-07T07:49:26.846Z", "user": 2, "content_type": 9, "object_id": "18", "object_repr": "Michuhilgo", "action_flag": 3, "change_message": ""}}, {"model": "admin.logentry", "pk": 164, "fields": {"action_time": "2020-06-07T07:49:26.929Z", "user": 2, "content_type": 9, "object_id": "17", "object_repr": "\uc778\ucc9c\uad11\uc5ed\uc2dc \ubbf8\ucd94\ud758\uad6c \uc6a9\ud604\ub3d9 78-12 2 \uce35", "action_flag": 3, "change_message": ""}}, {"model": "admin.logentry", "pk": 165, "fields": {"action_time": "2020-06-07T07:49:26.987Z", "user": 2, "content_type": 9, "object_id": "16", "object_repr": "Islomobod", "action_flag": 3, "change_message": ""}}, {"model": "admin.logentry", "pk": 166, "fields": {"action_time": "2020-06-07T07:49:27.046Z", "user": 2, "content_type": 9, "object_id": "15", "object_repr": "Islomobod", "action_flag": 3, "change_message": ""}}, {"model": "admin.logentry", "pk": 167, "fields": {"action_time": "2020-06-07T07:49:27.103Z", "user": 2, "content_type": 9, "object_id": "14", "object_repr": "Islomobod", "action_flag": 3, "change_message": ""}}, {"model": "admin.logentry", "pk": 168, "fields": {"action_time": "2020-06-07T07:49:27.170Z", "user": 2, "content_type": 9, "object_id": "13", "object_repr": "Michuhilgo", "action_flag": 3, "change_message": ""}}, {"model": "admin.logentry", "pk": 169, "fields": {"action_time": "2020-06-07T07:49:27.237Z", "user": 2, "content_type": 9, "object_id": "12", "object_repr": "Inharo 91 Beongil 95", "action_flag": 3, "change_message": ""}}, {"model": "admin.logentry", "pk": 170, "fields": {"action_time": "2020-06-07T07:49:27.287Z", "user": 2, "content_type": 9, "object_id": "11", "object_repr": "\uc778\ucc9c\uad11\uc5ed\uc2dc \ubbf8\ucd94\ud758\uad6c \uc6a9\ud604\ub3d9 78-12 2 \uce35", "action_flag": 3, "change_message": ""}}, {"model": "admin.logentry", "pk": 171, "fields": {"action_time": "2020-06-07T07:49:27.346Z", "user": 2, "content_type": 9, "object_id": "10", "object_repr": "\uc778\ucc9c\uad11\uc5ed\uc2dc \ubbf8\ucd94\ud758\uad6c \uc6a9\ud604\ub3d9 78-12 2 \uce35", "action_flag": 3, "change_message": ""}}, {"model": "admin.logentry", "pk": 172, "fields": {"action_time": "2020-06-07T07:49:27.404Z", "user": 2, "content_type": 9, "object_id": "9", "object_repr": "Inharo 91 Beongil 95", "action_flag": 3, "change_message": ""}}, {"model": "admin.logentry", "pk": 173, "fields": {"action_time": "2020-06-07T07:49:27.462Z", "user": 2, "content_type": 9, "object_id": "8", "object_repr": "Islomobod", "action_flag": 3, "change_message": ""}}, {"model": "admin.logentry", "pk": 174, "fields": {"action_time": "2020-06-07T07:52:53.460Z", "user": 2, "content_type": 8, "object_id": "139", "object_repr": "keyboard", "action_flag": 3, "change_message": ""}}, {"model": "admin.logentry", "pk": 175, "fields": {"action_time": "2020-06-07T07:52:53.525Z", "user": 2, "content_type": 8, "object_id": "138", "object_repr": "Orange Juice", "action_flag": 3, "change_message": ""}}, {"model": "admin.logentry", "pk": 176, "fields": {"action_time": "2020-06-07T07:52:53.600Z", "user": 2, "content_type": 8, "object_id": "137", "object_repr": "Sunglasses", "action_flag": 3, "change_message": ""}}, {"model": "admin.logentry", "pk": 177, "fields": {"action_time": "2020-06-07T07:52:53.658Z", "user": 2, "content_type": 8, "object_id": "136", "object_repr": "Snickers", "action_flag": 3, "change_message": ""}}, {"model": "admin.logentry", "pk": 178, "fields": {"action_time": "2020-06-07T07:52:53.726Z", "user": 2, "content_type": 8, "object_id": "135", "object_repr": "ball", "action_flag": 3, "change_message": ""}}, {"model": "admin.logentry", "pk": 179, "fields": {"action_time": "2020-06-07T07:52:53.784Z", "user": 2, "content_type": 8, "object_id": "134", "object_repr": "Sunglasses", "action_flag": 3, "change_message": ""}}, {"model": "admin.logentry", "pk": 180, "fields": {"action_time": "2020-06-07T07:52:53.842Z", "user": 2, "content_type": 8, "object_id": "132", "object_repr": "Snickers", "action_flag": 3, "change_message": ""}}, {"model": "admin.logentry", "pk": 181, "fields": {"action_time": "2020-06-07T07:52:53.893Z", "user": 2, "content_type": 8, "object_id": "131", "object_repr": "screwdriver", "action_flag": 3, "change_message": ""}}, {"model": "admin.logentry", "pk": 182, "fields": {"action_time": "2020-06-07T07:52:53.951Z", "user": 2, "content_type": 8, "object_id": "130", "object_repr": "Orange Juice", "action_flag": 3, "change_message": ""}}, {"model": "admin.logentry", "pk": 183, "fields": {"action_time": "2020-06-07T07:52:54.009Z", "user": 2, "content_type": 8, "object_id": "129", "object_repr": "Sunglasses", "action_flag": 3, "change_message": ""}}, {"model": "admin.logentry", "pk": 184, "fields": {"action_time": "2020-06-07T07:52:54.075Z", "user": 2, "content_type": 8, "object_id": "128", "object_repr": "Mars", "action_flag": 3, "change_message": ""}}, {"model": "admin.logentry", "pk": 185, "fields": {"action_time": "2020-06-07T07:52:54.149Z", "user": 2, "content_type": 8, "object_id": "127", "object_repr": "Coca-Cola", "action_flag": 3, "change_message": ""}}, {"model": "admin.logentry", "pk": 186, "fields": {"action_time": "2020-06-07T07:52:54.216Z", "user": 2, "content_type": 8, "object_id": "126", "object_repr": "laptop", "action_flag": 3, "change_message": ""}}, {"model": "admin.logentry", "pk": 187, "fields": {"action_time": "2020-06-07T07:52:54.283Z", "user": 2, "content_type": 8, "object_id": "125", "object_repr": "Mars", "action_flag": 3, "change_message": ""}}, {"model": "admin.logentry", "pk": 188, "fields": {"action_time": "2020-06-07T07:52:54.342Z", "user": 2, "content_type": 8, "object_id": "124", "object_repr": "Snickers", "action_flag": 3, "change_message": ""}}, {"model": "admin.logentry", "pk": 189, "fields": {"action_time": "2020-06-07T07:52:54.417Z", "user": 2, "content_type": 8, "object_id": "123", "object_repr": "GTA 5", "action_flag": 3, "change_message": ""}}, {"model": "admin.logentry", "pk": 190, "fields": {"action_time": "2020-06-07T07:52:54.476Z", "user": 2, "content_type": 8, "object_id": "122", "object_repr": "Mars", "action_flag": 3, "change_message": ""}}, {"model": "admin.logentry", "pk": 191, "fields": {"action_time": "2020-06-07T07:52:54.558Z", "user": 2, "content_type": 8, "object_id": "121", "object_repr": "spray", "action_flag": 3, "change_message": ""}}, {"model": "admin.logentry", "pk": 192, "fields": {"action_time": "2020-06-07T07:52:54.634Z", "user": 2, "content_type": 8, "object_id": "120", "object_repr": "Snickers", "action_flag": 3, "change_message": ""}}, {"model": "admin.logentry", "pk": 193, "fields": {"action_time": "2020-06-07T07:52:54.701Z", "user": 2, "content_type": 8, "object_id": "119", "object_repr": "laptop", "action_flag": 3, "change_message": ""}}, {"model": "admin.logentry", "pk": 194, "fields": {"action_time": "2020-06-07T07:52:54.767Z", "user": 2, "content_type": 8, "object_id": "118", "object_repr": "Mars", "action_flag": 3, "change_message": ""}}, {"model": "admin.logentry", "pk": 195, "fields": {"action_time": "2020-06-07T07:52:54.834Z", "user": 2, "content_type": 8, "object_id": "117", "object_repr": "Paris parfume", "action_flag": 3, "change_message": ""}}, {"model": "admin.logentry", "pk": 196, "fields": {"action_time": "2020-06-07T07:52:54.901Z", "user": 2, "content_type": 8, "object_id": "116", "object_repr": "Sunglasses", "action_flag": 3, "change_message": ""}}, {"model": "admin.logentry", "pk": 197, "fields": {"action_time": "2020-06-07T07:52:54.967Z", "user": 2, "content_type": 8, "object_id": "115", "object_repr": "Snickers", "action_flag": 3, "change_message": ""}}, {"model": "admin.logentry", "pk": 198, "fields": {"action_time": "2020-06-07T07:52:55.034Z", "user": 2, "content_type": 8, "object_id": "114", "object_repr": "laptop", "action_flag": 3, "change_message": ""}}, {"model": "admin.logentry", "pk": 199, "fields": {"action_time": "2020-06-07T07:52:55.100Z", "user": 2, "content_type": 8, "object_id": "113", "object_repr": "Mars", "action_flag": 3, "change_message": ""}}, {"model": "admin.logentry", "pk": 200, "fields": {"action_time": "2020-06-07T07:52:55.168Z", "user": 2, "content_type": 8, "object_id": "111", "object_repr": "Mars", "action_flag": 3, "change_message": ""}}, {"model": "admin.logentry", "pk": 201, "fields": {"action_time": "2020-06-07T07:52:55.233Z", "user": 2, "content_type": 8, "object_id": "110", "object_repr": "bell", "action_flag": 3, "change_message": ""}}, {"model": "admin.logentry", "pk": 202, "fields": {"action_time": "2020-06-07T07:52:55.300Z", "user": 2, "content_type": 8, "object_id": "109", "object_repr": "laptop", "action_flag": 3, "change_message": ""}}, {"model": "admin.logentry", "pk": 203, "fields": {"action_time": "2020-06-07T07:52:55.358Z", "user": 2, "content_type": 8, "object_id": "108", "object_repr": "mouse", "action_flag": 3, "change_message": ""}}, {"model": "admin.logentry", "pk": 204, "fields": {"action_time": "2020-06-07T07:52:55.426Z", "user": 2, "content_type": 8, "object_id": "107", "object_repr": "Oriflame cream", "action_flag": 3, "change_message": ""}}, {"model": "admin.logentry", "pk": 205, "fields": {"action_time": "2020-06-07T07:52:55.484Z", "user": 2, "content_type": 8, "object_id": "106", "object_repr": "Paris parfume", "action_flag": 3, "change_message": ""}}, {"model": "admin.logentry", "pk": 206, "fields": {"action_time": "2020-06-07T07:52:55.550Z", "user": 2, "content_type": 8, "object_id": "105", "object_repr": "Mars", "action_flag": 3, "change_message": ""}}, {"model": "admin.logentry", "pk": 207, "fields": {"action_time": "2020-06-07T07:52:55.609Z", "user": 2, "content_type": 8, "object_id": "104", "object_repr": "Snickers", "action_flag": 3, "change_message": ""}}, {"model": "admin.logentry", "pk": 208, "fields": {"action_time": "2020-06-07T07:52:55.671Z", "user": 2, "content_type": 8, "object_id": "103", "object_repr": "laptop", "action_flag": 3, "change_message": ""}}, {"model": "admin.logentry", "pk": 209, "fields": {"action_time": "2020-06-07T07:52:55.734Z", "user": 2, "content_type": 8, "object_id": "102", "object_repr": "Mars", "action_flag": 3, "change_message": ""}}, {"model": "admin.logentry", "pk": 210, "fields": {"action_time": "2020-06-07T07:52:55.827Z", "user": 2, "content_type": 8, "object_id": "101", "object_repr": "Snickers", "action_flag": 3, "change_message": ""}}, {"model": "admin.logentry", "pk": 211, "fields": {"action_time": "2020-06-07T07:52:55.884Z", "user": 2, "content_type": 8, "object_id": "100", "object_repr": "Coca-Cola", "action_flag": 3, "change_message": ""}}, {"model": "admin.logentry", "pk": 212, "fields": {"action_time": "2020-06-07T07:52:55.951Z", "user": 2, "content_type": 8, "object_id": "99", "object_repr": "Mars", "action_flag": 3, "change_message": ""}}, {"model": "admin.logentry", "pk": 213, "fields": {"action_time": "2020-06-07T07:52:56.009Z", "user": 2, "content_type": 8, "object_id": "98", "object_repr": "Snickers", "action_flag": 3, "change_message": ""}}, {"model": "admin.logentry", "pk": 214, "fields": {"action_time": "2020-06-07T07:52:56.176Z", "user": 2, "content_type": 8, "object_id": "97", "object_repr": "Sunglasses", "action_flag": 3, "change_message": ""}}, {"model": "admin.logentry", "pk": 215, "fields": {"action_time": "2020-06-07T07:52:56.459Z", "user": 2, "content_type": 8, "object_id": "96", "object_repr": "Paris parfume", "action_flag": 3, "change_message": ""}}, {"model": "admin.logentry", "pk": 216, "fields": {"action_time": "2020-06-07T07:52:56.534Z", "user": 2, "content_type": 8, "object_id": "95", "object_repr": "Orange Juice", "action_flag": 3, "change_message": ""}}, {"model": "admin.logentry", "pk": 217, "fields": {"action_time": "2020-06-07T07:52:56.592Z", "user": 2, "content_type": 8, "object_id": "94", "object_repr": "Mars", "action_flag": 3, "change_message": ""}}, {"model": "admin.logentry", "pk": 218, "fields": {"action_time": "2020-06-07T07:52:56.660Z", "user": 2, "content_type": 8, "object_id": "93", "object_repr": "Oriflame cream", "action_flag": 3, "change_message": ""}}, {"model": "admin.logentry", "pk": 219, "fields": {"action_time": "2020-06-07T07:52:56.709Z", "user": 2, "content_type": 8, "object_id": "92", "object_repr": "Snickers", "action_flag": 3, "change_message": ""}}, {"model": "admin.logentry", "pk": 220, "fields": {"action_time": "2020-06-09T07:02:26.083Z", "user": 2, "content_type": 11, "object_id": "33", "object_repr": "Order 33: Sam", "action_flag": 3, "change_message": ""}}, {"model": "admin.logentry", "pk": 221, "fields": {"action_time": "2020-06-09T07:02:26.168Z", "user": 2, "content_type": 11, "object_id": "32", "object_repr": "Order 32: Brian090", "action_flag": 3, "change_message": ""}}, {"model": "admin.logentry", "pk": 222, "fields": {"action_time": "2020-06-09T07:02:26.235Z", "user": 2, "content_type": 11, "object_id": "31", "object_repr": "Order 31: Brian", "action_flag": 3, "change_message": ""}}, {"model": "admin.logentry", "pk": 223, "fields": {"action_time": "2020-06-09T07:02:26.302Z", "user": 2, "content_type": 11, "object_id": "30", "object_repr": "Order 30: Sam", "action_flag": 3, "change_message": ""}}, {"model": "admin.logentry", "pk": 224, "fields": {"action_time": "2020-06-09T07:02:26.377Z", "user": 2, "content_type": 11, "object_id": "29", "object_repr": "Order 29: Brian", "action_flag": 3, "change_message": ""}}, {"model": "admin.logentry", "pk": 225, "fields": {"action_time": "2020-06-09T07:02:26.444Z", "user": 2, "content_type": 11, "object_id": "28", "object_repr": "Order 28: Brian", "action_flag": 3, "change_message": ""}}, {"model": "admin.logentry", "pk": 226, "fields": {"action_time": "2020-06-09T07:10:09.467Z", "user": 2, "content_type": 8, "object_id": "164", "object_repr": "No order items", "action_flag": 3, "change_message": ""}}, {"model": "admin.logentry", "pk": 227, "fields": {"action_time": "2020-06-09T07:10:09.534Z", "user": 2, "content_type": 8, "object_id": "163", "object_repr": "No order items", "action_flag": 3, "change_message": ""}}, {"model": "admin.logentry", "pk": 228, "fields": {"action_time": "2020-06-09T07:10:09.591Z", "user": 2, "content_type": 8, "object_id": "162", "object_repr": "No order items", "action_flag": 3, "change_message": ""}}, {"model": "admin.logentry", "pk": 229, "fields": {"action_time": "2020-06-09T07:10:09.667Z", "user": 2, "content_type": 8, "object_id": "161", "object_repr": "No order items", "action_flag": 3, "change_message": ""}}, {"model": "admin.logentry", "pk": 230, "fields": {"action_time": "2020-06-09T07:10:09.758Z", "user": 2, "content_type": 8, "object_id": "160", "object_repr": "No order items", "action_flag": 3, "change_message": ""}}, {"model": "admin.logentry", "pk": 231, "fields": {"action_time": "2020-06-09T07:10:09.825Z", "user": 2, "content_type": 8, "object_id": "159", "object_repr": "No order items", "action_flag": 3, "change_message": ""}}, {"model": "admin.logentry", "pk": 232, "fields": {"action_time": "2020-06-09T07:10:09.900Z", "user": 2, "content_type": 8, "object_id": "158", "object_repr": "No order items", "action_flag": 3, "change_message": ""}}, {"model": "admin.logentry", "pk": 233, "fields": {"action_time": "2020-06-09T07:10:09.984Z", "user": 2, "content_type": 8, "object_id": "157", "object_repr": "No order items", "action_flag": 3, "change_message": ""}}, {"model": "admin.logentry", "pk": 234, "fields": {"action_time": "2020-06-09T07:10:10.049Z", "user": 2, "content_type": 8, "object_id": "156", "object_repr": "No order items", "action_flag": 3, "change_message": ""}}, {"model": "admin.logentry", "pk": 235, "fields": {"action_time": "2020-06-09T07:10:10.108Z", "user": 2, "content_type": 8, "object_id": "155", "object_repr": "No order items", "action_flag": 3, "change_message": ""}}, {"model": "admin.logentry", "pk": 236, "fields": {"action_time": "2020-06-09T07:10:10.158Z", "user": 2, "content_type": 8, "object_id": "154", "object_repr": "No order items", "action_flag": 3, "change_message": ""}}, {"model": "admin.logentry", "pk": 237, "fields": {"action_time": "2020-06-09T07:10:10.226Z", "user": 2, "content_type": 8, "object_id": "153", "object_repr": "No order items", "action_flag": 3, "change_message": ""}}, {"model": "admin.logentry", "pk": 238, "fields": {"action_time": "2020-06-09T07:10:10.300Z", "user": 2, "content_type": 8, "object_id": "152", "object_repr": "No order items", "action_flag": 3, "change_message": ""}}, {"model": "admin.logentry", "pk": 239, "fields": {"action_time": "2020-06-09T07:10:10.382Z", "user": 2, "content_type": 8, "object_id": "151", "object_repr": "No order items", "action_flag": 3, "change_message": ""}}, {"model": "admin.logentry", "pk": 240, "fields": {"action_time": "2020-06-09T07:10:10.441Z", "user": 2, "content_type": 8, "object_id": "149", "object_repr": "No order items", "action_flag": 3, "change_message": ""}}, {"model": "admin.logentry", "pk": 241, "fields": {"action_time": "2020-06-09T07:10:10.507Z", "user": 2, "content_type": 8, "object_id": "148", "object_repr": "No order items", "action_flag": 3, "change_message": ""}}, {"model": "admin.logentry", "pk": 242, "fields": {"action_time": "2020-06-09T07:10:10.575Z", "user": 2, "content_type": 8, "object_id": "147", "object_repr": "No order items", "action_flag": 3, "change_message": ""}}, {"model": "admin.logentry", "pk": 243, "fields": {"action_time": "2020-06-09T07:10:22.906Z", "user": 2, "content_type": 9, "object_id": "22", "object_repr": "Islomobod", "action_flag": 3, "change_message": ""}}, {"model": "admin.logentry", "pk": 244, "fields": {"action_time": "2020-06-09T07:10:22.993Z", "user": 2, "content_type": 9, "object_id": "21", "object_repr": "Islomobod", "action_flag": 3, "change_message": ""}}, {"model": "admin.logentry", "pk": 245, "fields": {"action_time": "2020-06-09T07:10:23.060Z", "user": 2, "content_type": 9, "object_id": "20", "object_repr": "Inharo 91 Beongil 95", "action_flag": 3, "change_message": ""}}, {"model": "admin.logentry", "pk": 246, "fields": {"action_time": "2020-06-09T07:10:23.135Z", "user": 2, "content_type": 9, "object_id": "19", "object_repr": "Inharo 91 Beongil 95", "action_flag": 3, "change_message": ""}}, {"model": "admin.logentry", "pk": 247, "fields": {"action_time": "2020-06-09T07:18:01.147Z", "user": 2, "content_type": 11, "object_id": "34", "object_repr": "Order 34: Brian", "action_flag": 3, "change_message": ""}}, {"model": "admin.logentry", "pk": 248, "fields": {"action_time": "2020-06-09T07:19:32.230Z", "user": 2, "content_type": 8, "object_id": "171", "object_repr": "Brian: Snickers", "action_flag": 3, "change_message": ""}}, {"model": "admin.logentry", "pk": 249, "fields": {"action_time": "2020-06-09T07:19:58.117Z", "user": 2, "content_type": 8, "object_id": "170", "object_repr": "Brian: Coca-Cola", "action_flag": 3, "change_message": ""}}, {"model": "admin.logentry", "pk": 250, "fields": {"action_time": "2020-06-09T07:19:58.240Z", "user": 2, "content_type": 8, "object_id": "168", "object_repr": "Brian: Mars", "action_flag": 3, "change_message": ""}}, {"model": "admin.logentry", "pk": 251, "fields": {"action_time": "2020-06-09T07:20:10.669Z", "user": 2, "content_type": 11, "object_id": "35", "object_repr": "Order 35: Brian", "action_flag": 3, "change_message": ""}}, {"model": "admin.logentry", "pk": 252, "fields": {"action_time": "2020-06-09T07:24:04.813Z", "user": 2, "content_type": 10, "object_id": "10", "object_repr": "Brian090", "action_flag": 3, "change_message": ""}}, {"model": "admin.logentry", "pk": 253, "fields": {"action_time": "2020-06-09T07:27:16.763Z", "user": 2, "content_type": 11, "object_id": "37", "object_repr": "No orders", "action_flag": 3, "change_message": ""}}, {"model": "admin.logentry", "pk": 254, "fields": {"action_time": "2020-06-09T07:29:04.075Z", "user": 2, "content_type": 10, "object_id": "9", "object_repr": "Sam", "action_flag": 3, "change_message": ""}}, {"model": "admin.logentry", "pk": 255, "fields": {"action_time": "2020-06-09T07:29:59.772Z", "user": 2, "content_type": 9, "object_id": "26", "object_repr": "Inharo 91 Beongil 95", "action_flag": 3, "change_message": ""}}, {"model": "admin.logentry", "pk": 256, "fields": {"action_time": "2020-06-09T07:30:00.098Z", "user": 2, "content_type": 9, "object_id": "24", "object_repr": "Inharo 91 Beongil 95", "action_flag": 3, "change_message": ""}}, {"model": "admin.logentry", "pk": 257, "fields": {"action_time": "2020-06-09T07:30:00.156Z", "user": 2, "content_type": 9, "object_id": "23", "object_repr": "Islomobod", "action_flag": 3, "change_message": ""}}]